rank,factor,state,voi_fraction_of_var,voi_fraction_raw,clipped_from_negative,voi_var_hz2,voi_upper_bound_var_hz2,sd_reduction_hz,experiment,resolves,cost,blocking_gate
1,gain_transform,resolved,0.4096497698742678,0.4096497698742678,False,1.290081356802269,1.9729316691788883,0.4111009848265976,calibration of receptor engagement against synaptic gain,the functional form of the engagement -> gain transformation,high,the single fitted parameter the project allows
2,weight_threshold,resolved,0.29357557224259245,0.29357557224259245,False,0.9245370079884832,1.7082380179533077,0.2830665210214218,no experiment: a reconstruction-confidence analysis,how many weak edges belong in the cut,none (compute only),
3,drive,null control,0.018555443445925905,0.018555443445925905,False,0.05843535970772074,0.4447240046192244,0.016541402539729466,in vivo baseline firing rates of the driven cell classes,the external drive rate the network is simulated at,medium,
4,transmitter,null control,0.006078670560203601,0.006078670560203601,False,0.019143131866687924,0.07445655937367515,0.005401847210167565,immunostaining or ground-truth transmitter labels,the probability that a predicted transmitter -- hence an edge's sign -- is wrong,medium,
5,expression,null control,0.0,-0.005809124285986339,True,0.0,0.0004032920805709512,0.0,FISH / scRNA-seq for receptor expression in the named cell class,"which cells actually carry the receptor the drug acts on; FlyLab's expression coverage is 0.21 and adult motor-neuron receptor expression -- MN9, the main readout -- has no source at all",medium,v0.6 gate 1 (expression coverage)
6,potency,null control,0.0,-0.005989859757710479,True,0.0,0.0021364990283635147,0.0,electrophysiological dose-response on the stated receptor,the sourced potency value and its parameter type (EC50 vs IC50 vs Kd),medium,
7,lif_seed,null control,0.0,-0.006741189415684353,True,0.0,0.0,0.0,none: increase the number of simulated replicates,nothing about biology,none (compute only),
8,hill_n,null control,0.0,-0.007946568350353221,True,0.0,0.002370019740010527,0.0,"the same dose-response, read for slope rather than midpoint",the cooperativity of the engagement curve,low (rides along with the potency ladder),
9,gain_coef,null control,0.0,-0.04565580230843003,True,0.0,0.07502166285222114,0.0,"the same calibration, read for amplitude rather than shape",the size of the gain-rule coefficients,medium,the single fitted parameter the project allows
