step,label,classification,contributes,assumptions,unknowns
result,COMPUTED,PREDICTION,"subgraph readout for imidacloprid at 1.00e-06 M. It is a simulation output, not a measurement from a fly.",Every number downstream of this point is model output.,
parameter_source,LITERATURE-DERIVED,LITERATURE,"4 of 6 receptor rows carry a sourced, typed potency or affinity parameter; the rest are class placeholders and are reported as not modelled, never as zero.",,no sourced value at vertebrate_GABA_A; no sourced value at insect_RDL
engagement_transformation,COMPUTED,MODEL-DERIVED,"Engagement is the Hill expression C^n / (value^n + C^n) applied to that typed parameter. Only a Kd/Ki row measured on this receptor in this species (evidence distance E0) yields fractional receptor occupancy; a Kd/Ki from another species or a related preparation yields a binding-derived engagement proxy, and an EC50/IC50 row yields normalised functional engagement (a proxy in turn when it was transferred here). None of the proxies is the same quantity as an occupancy.",A single-site Hill relation with the library's n is assumed at every receptor.; Assay conditions behind an EC50/IC50 are not carried through the transformation.,
mechanism_rule,MODEL-ASSUMPTION,MODEL-ASSUMPTION,"Engagement becomes a synaptic gain through a rule FlyLab asserts. The shape of that rule -- monotone, saturating or rise-then-fall -- has never been measured for these receptors; it is the project's central modelling choice, not a result.","The occupancy-to-gain transformation is asserted, not fitted to any animal data.; The same rule is applied to every synapse of a transmitter class.",
expression_assumption,MODEL-ASSUMPTION,MODEL-ASSUMPTION,"The gain is applied uniformly to every cell of a transmitter class. Coarse cross-atlas class-level annotation is available for 20.5% of graph-node × receptor-key pairs; this is annotation availability, not a per-cell expression measurement. A cell that does not express the receptor is patched exactly like one that does.",Uniform receptor expression across the patched transmitter class.,receptor expression in MN9 and in every other adult motor neuron
malecns_edges,OBSERVED,LITERATURE,"The wiring is measured: a hops-limited neighbourhood of the public MaleCNS v1.0 reconstruction, with a synapse-count floor. This is the one layer of the chain that is a direct observation of the system being modelled.","The cut is a neighbourhood with a weight floor, not the whole CNS.",
transmitter_predictions,MODEL-ASSUMPTION,PREDICTION,"Edge signs come from MaleCNS *predicted* consensus transmitters, not from immunostaining. A wrong prediction flips a synapse from excitatory to inhibitory, and the drug patch follows the label, not the biology.",Predicted transmitter labels are taken as ground truth for the sign of every edge.,ground-truth transmitter identity for the cells in this cut
engine,MODEL-ASSUMPTION,MODEL-ASSUMPTION,"The rate engine turns patched weights into activity. Its time constants, drive and settling are teaching choices; they are not fitted to any recording.","Sensory drive amplitude is set by hand, not measured.; No fitted parameter separates the engine from the data.",
readout,COMPUTED,PREDICTION,"The reported rates are the engine's output on the patched graph. They are predictions about a simulation, and carry no animal units.",,how any of these numbers maps to a behavioural or electrophysiological measurement
