compound,genotype,gene,allele,species,receptor,fold_shift,shift_kind,ec50_M,occupancy,delta_occupancy_vs_wt,shifted,note
fipronil,wt,,wild type,,insect_RDL,1.0,,3e-08,0.9853400782049834,,False,
fipronil,rdl_A302G_dsim,Rdl,A301G,Drosophila simulans,insect_RDL,20000.0,whole_animal_RR,0.0006,0.000463465245301564,-0.9848766129596818,True,
fipronil,rdl_A301S_nlug,Rdl,A301S,Nilaparvata lugens (brown planthopper),insect_RDL,1.1,receptor_shift,3.3e-08,0.9835928893014986,-0.0017471889034847976,True,
fipronil,rdl_A302S_dmel,Rdl,A302S,Drosophila melanogaster,insect_RDL,,,3e-08,0.9853400782049834,0.0,False,"no sourced shift for fipronil with this allele - identical to wild type (reported, not extrapolated)"
imidacloprid,wt,,wild type,,insect_nAChR,1.0,,2e-08,0.9909367919777582,,False,
imidacloprid,nachr_beta1_R81T_mper,nAChR beta1 (loop D),R81T,Myzus persicae (green peach aphid),insect_nAChR,50.0,receptor_shift,1e-06,0.5,-0.4909367919777582,True,
deltamethrin,wt,,wild type,,insect_Nav,1.0,,4.3e-08,0.9587727708533077,,False,
deltamethrin,para_L1014F_kdr,para (voltage-gated sodium channel),L1014F,"Drosophila melanogaster para channel (mutation originally described in Musca domestica), expressed in Xenopus laevis oocytes",insect_Nav,20.0,receptor_shift,8.6e-07,0.5376344086021505,-0.4211383622511572,True,
deltamethrin,para_M918T_superkdr,para (voltage-gated sodium channel),M918T,Drosophila melanogaster para channel expressed in Xenopus laevis oocytes,insect_Nav,100.0,receptor_shift,4.3e-06,0.18867924528301885,-0.7700935255702889,True,
ddt,wt,,wild type,,insect_Nav,1.0,,6.5e-05,0.015151515151515152,,False,
ddt,para_L1014F_kdr,para (voltage-gated sodium channel),L1014F,"Drosophila melanogaster para channel (mutation originally described in Musca domestica), expressed in Xenopus laevis oocytes",insect_Nav,10.0,receptor_shift,0.00065,0.0015360983102918587,-0.013615416841223294,True,
ddt,para_M918T_superkdr,para (voltage-gated sodium channel),M918T,Drosophila melanogaster para channel expressed in Xenopus laevis oocytes,insect_Nav,1.0,receptor_shift,6.5e-05,0.015151515151515152,0.0,True,
gaba,wt,,wild type,,insect_RDL,1.0,,5e-05,0.002820449688343696,,False,
gaba,rdl_A301S_nlug,Rdl,A301S,Nilaparvata lugens (brown planthopper),insect_RDL,33.9,receptor_shift,0.0016950000000000001,1.4329770098913327e-05,-0.0028061199182447824,True,
gaba,rdl_A302S_dmel,Rdl,A302S,Drosophila melanogaster,insect_RDL,,,5e-05,0.002820449688343696,0.0,False,"no sourced shift for gaba with this allele - identical to wild type (reported, not extrapolated)"
gaba,rdl_A302G_dsim,Rdl,A301G,Drosophila simulans,insect_RDL,,,5e-05,0.002820449688343696,0.0,False,"no sourced shift for gaba with this allele - identical to wild type (reported, not extrapolated)"
